Date,Address,Price,PriceType,attr,Href,Pic_url,House,Floor area,Bedroom,Title type,Garage,Land area,Bathroom,Apartment,Section,Covered park,Townhouse
2021-06-01,"8 Hanham Road, Kumeu, Rodney",1175000.0,cv,"{'House': 'House', 'Bedroom': '3', 'Bathroom': '1', 'Land area': '3328m', 'Garage': '7', 'Covered park': '1'}",https://www.realestate.co.nz/42441499/residential/sale/8-hanham-road-kumeu,"https://mediaserver.realestate.co.nz/listings/42441499/686a06eb792131f77a88578444272c32.crop.10x8.jpg?options=compress,blur",House,,3,,7,3328m,1,,,1,
2023-10-15T00:13:09,"8 Hanham Road, Kumeu, Rodney",1550000.0,current,"{'House': 'House', 'Bedroom': '3', 'Bathroom': '1', 'Land area': '3328m', 'Garage': '7', 'Covered park': '1'}",https://www.realestate.co.nz/42441499/residential/sale/8-hanham-road-kumeu,"https://mediaserver.realestate.co.nz/listings/42441499/686a06eb792131f77a88578444272c32.crop.10x8.jpg?options=compress,blur",House,,3,,7,3328m,1,,,1,
,"9W/45 Randolph Street, Eden Terrace, Auckland City",,,"{'Apartment': 'Apartment', 'Bedroom': '3', 'Bathroom': '2', 'Floor area': '212m', 'Title type': 'Unit Title'}",https://www.realestate.co.nz/42439599/residential/sale/9w-45-randolph-street-eden-terrace,"https://mediaserver.realestate.co.nz/listings/42439599/28531897cc06ac8346930667e69bf01b.crop.10x8.jpg?options=compress,blur",,212m,3,Unit Title,,,2,Apartment,,,
2021-06-01,"65 John Andrew Drive, Warkworth, Rodney",1050000.0,cv,"{'House': 'House', 'Bedroom': '3', 'Bathroom': '1', 'Floor area': '138m', 'Land area': '1105m', 'Title type': 'Freehold', 'Garage': '1'}",https://www.realestate.co.nz/42439713/residential/sale/55-shelly-beach-road-saint-marys-bay,"https://mediaserver.realestate.co.nz/listings/42439713/f5db70079c7a1be30bb5771bb9bde267.crop.10x8.jpg?options=compress,blur",House,138m,3,Freehold,1,1105m,1,,,,
2021-06-01,"65 John Andrew Drive, Warkworth, Rodney",485000.0,cv,"{'House': 'House', 'Bedroom': '3', 'Bathroom': '1', 'Floor area': '138m', 'Land area': '1105m', 'Title type': 'Freehold', 'Garage': '1'}",https://www.realestate.co.nz/42439713/residential/sale/55-shelly-beach-road-saint-marys-bay,"https://mediaserver.realestate.co.nz/listings/42439713/f5db70079c7a1be30bb5771bb9bde267.crop.10x8.jpg?options=compress,blur",House,138m,3,Freehold,1,1105m,1,,,,
2023-10-04T13:57:51,"65 John Andrew Drive, Warkworth, Rodney",1000000.0,current,"{'House': 'House', 'Bedroom': '3', 'Bathroom': '1', 'Floor area': '138m', 'Land area': '1105m', 'Title type': 'Freehold', 'Garage': '1'}",https://www.realestate.co.nz/42439713/residential/sale/55-shelly-beach-road-saint-marys-bay,"https://mediaserver.realestate.co.nz/listings/42439713/f5db70079c7a1be30bb5771bb9bde267.crop.10x8.jpg?options=compress,blur",House,138m,3,Freehold,1,1105m,1,,,,
,"3E/2 Eden Crescent, Auckland Central, Auckland City",,,"{'Apartment': 'Apartment', 'Bedroom': '1', 'Bathroom': '1', 'Floor area': '31m', 'Title type': 'Unit Title'}",https://www.realestate.co.nz/42439017/residential/sale/3e-2-eden-crescent-auckland-central,"https://mediaserver.realestate.co.nz/listings/42439017/116df8e32bb7504332c576dc222627d2.crop.10x8.jpg?options=compress,blur",,31m,1,Unit Title,,,1,Apartment,,,
2019-10-11,"55 Shelly Beach Road, Saint Marys Bay, Auckland City",1865000.0,history,"{'Townhouse': 'Townhouse', 'Bedroom': '3', 'Bathroom': '2', 'Title type': 'Unit Title', 'Garage': '2'}",https://www.realestate.co.nz/42439329/residential/sale/52-richards-avenue-forrest-hill,"https://mediaserver.realestate.co.nz/listings/42439329/2f89ef17186c050fb407bf724901362a.crop.10x8.jpg?options=compress,blur",,,3,Unit Title,2,,2,,,,Townhouse
2018-07-23,"55 Shelly Beach Road, Saint Marys Bay, Auckland City",1839000.0,history,"{'Townhouse': 'Townhouse', 'Bedroom': '3', 'Bathroom': '2', 'Title type': 'Unit Title', 'Garage': '2'}",https://www.realestate.co.nz/42439329/residential/sale/52-richards-avenue-forrest-hill,"https://mediaserver.realestate.co.nz/listings/42439329/2f89ef17186c050fb407bf724901362a.crop.10x8.jpg?options=compress,blur",,,3,Unit Title,2,,2,,,,Townhouse
2006-07-31,"55 Shelly Beach Road, Saint Marys Bay, Auckland City",835000.0,history,"{'Townhouse': 'Townhouse', 'Bedroom': '3', 'Bathroom': '2', 'Title type': 'Unit Title', 'Garage': '2'}",https://www.realestate.co.nz/42439329/residential/sale/52-richards-avenue-forrest-hill,"https://mediaserver.realestate.co.nz/listings/42439329/2f89ef17186c050fb407bf724901362a.crop.10x8.jpg?options=compress,blur",,,3,Unit Title,2,,2,,,,Townhouse
2021-06-01,"55 Shelly Beach Road, Saint Marys Bay, Auckland City",1925000.0,cv,"{'Townhouse': 'Townhouse', 'Bedroom': '3', 'Bathroom': '2', 'Title type': 'Unit Title', 'Garage': '2'}",https://www.realestate.co.nz/42439329/residential/sale/52-richards-avenue-forrest-hill,"https://mediaserver.realestate.co.nz/listings/42439329/2f89ef17186c050fb407bf724901362a.crop.10x8.jpg?options=compress,blur",,,3,Unit Title,2,,2,,,,Townhouse
2023-10-11T16:37:08,"55 Shelly Beach Road, Saint Marys Bay, Auckland City",2800000.0,current,"{'Townhouse': 'Townhouse', 'Bedroom': '3', 'Bathroom': '2', 'Title type': 'Unit Title', 'Garage': '2'}",https://www.realestate.co.nz/42439329/residential/sale/52-richards-avenue-forrest-hill,"https://mediaserver.realestate.co.nz/listings/42439329/2f89ef17186c050fb407bf724901362a.crop.10x8.jpg?options=compress,blur",,,3,Unit Title,2,,2,,,,Townhouse
2016-06-30,"3 Blair Avenue, Pukekohe, Franklin",550000.0,history,"{'House': 'House', 'Bedroom': '3', 'Bathroom': '1', 'Title type': 'Cross Lease', 'Garage': '1'}",https://www.realestate.co.nz/42439455/residential/sale/3-blair-avenue-pukekohe,"https://mediaserver.realestate.co.nz/listings/42439455/abf81204775540c641d6016c0c8b0b7f.crop.10x8.jpg?options=compress,blur",House,,3,Cross Lease,1,,1,,,,
2009-07-03,"3 Blair Avenue, Pukekohe, Franklin",335000.0,history,"{'House': 'House', 'Bedroom': '3', 'Bathroom': '1', 'Title type': 'Cross Lease', 'Garage': '1'}",https://www.realestate.co.nz/42439455/residential/sale/3-blair-avenue-pukekohe,"https://mediaserver.realestate.co.nz/listings/42439455/abf81204775540c641d6016c0c8b0b7f.crop.10x8.jpg?options=compress,blur",House,,3,Cross Lease,1,,1,,,,
2000-06-30,"3 Blair Avenue, Pukekohe, Franklin",183670.0,history,"{'House': 'House', 'Bedroom': '3', 'Bathroom': '1', 'Title type': 'Cross Lease', 'Garage': '1'}",https://www.realestate.co.nz/42439455/residential/sale/3-blair-avenue-pukekohe,"https://mediaserver.realestate.co.nz/listings/42439455/abf81204775540c641d6016c0c8b0b7f.crop.10x8.jpg?options=compress,blur",House,,3,Cross Lease,1,,1,,,,
2021-06-01,"3 Blair Avenue, Pukekohe, Franklin",720000.0,cv,"{'House': 'House', 'Bedroom': '3', 'Bathroom': '1', 'Title type': 'Cross Lease', 'Garage': '1'}",https://www.realestate.co.nz/42439455/residential/sale/3-blair-avenue-pukekohe,"https://mediaserver.realestate.co.nz/listings/42439455/abf81204775540c641d6016c0c8b0b7f.crop.10x8.jpg?options=compress,blur",House,,3,Cross Lease,1,,1,,,,
2023-10-11T14:08:51,"3 Blair Avenue, Pukekohe, Franklin",800000.0,current,"{'House': 'House', 'Bedroom': '3', 'Bathroom': '1', 'Title type': 'Cross Lease', 'Garage': '1'}",https://www.realestate.co.nz/42439455/residential/sale/3-blair-avenue-pukekohe,"https://mediaserver.realestate.co.nz/listings/42439455/abf81204775540c641d6016c0c8b0b7f.crop.10x8.jpg?options=compress,blur",House,,3,Cross Lease,1,,1,,,,
2018-02-06,"63 Seacliffe Avenue, Belmont, North Shore City",2450000.0,history,"{'House': 'House', 'Bedroom': '5', 'Bathroom': '2', 'Floor area': '290m', 'Land area': '809m', 'Title type': 'Freehold'}",https://www.realestate.co.nz/42435504/residential/sale/63-seacliffe-avenue-belmont,"https://mediaserver.realestate.co.nz/listings/42435504/07176309af9b45fab8cd89f76d584265.crop.10x8.jpg?options=compress,blur",House,290m,5,Freehold,,809m,2,,,,
2016-05-31,"63 Seacliffe Avenue, Belmont, North Shore City",2250000.0,history,"{'House': 'House', 'Bedroom': '5', 'Bathroom': '2', 'Floor area': '290m', 'Land area': '809m', 'Title type': 'Freehold'}",https://www.realestate.co.nz/42435504/residential/sale/63-seacliffe-avenue-belmont,"https://mediaserver.realestate.co.nz/listings/42435504/07176309af9b45fab8cd89f76d584265.crop.10x8.jpg?options=compress,blur",House,290m,5,Freehold,,809m,2,,,,
2013-05-10,"63 Seacliffe Avenue, Belmont, North Shore City",1400000.0,history,"{'House': 'House', 'Bedroom': '5', 'Bathroom': '2', 'Floor area': '290m', 'Land area': '809m', 'Title type': 'Freehold'}",https://www.realestate.co.nz/42435504/residential/sale/63-seacliffe-avenue-belmont,"https://mediaserver.realestate.co.nz/listings/42435504/07176309af9b45fab8cd89f76d584265.crop.10x8.jpg?options=compress,blur",House,290m,5,Freehold,,809m,2,,,,
2012-12-16,"63 Seacliffe Avenue, Belmont, North Shore City",1170000.0,history,"{'House': 'House', 'Bedroom': '5', 'Bathroom': '2', 'Floor area': '290m', 'Land area': '809m', 'Title type': 'Freehold'}",https://www.realestate.co.nz/42435504/residential/sale/63-seacliffe-avenue-belmont,"https://mediaserver.realestate.co.nz/listings/42435504/07176309af9b45fab8cd89f76d584265.crop.10x8.jpg?options=compress,blur",House,290m,5,Freehold,,809m,2,,,,
2021-06-01,"63 Seacliffe Avenue, Belmont, North Shore City",3370000.0,cv,"{'House': 'House', 'Bedroom': '5', 'Bathroom': '2', 'Floor area': '290m', 'Land area': '809m', 'Title type': 'Freehold'}",https://www.realestate.co.nz/42435504/residential/sale/63-seacliffe-avenue-belmont,"https://mediaserver.realestate.co.nz/listings/42435504/07176309af9b45fab8cd89f76d584265.crop.10x8.jpg?options=compress,blur",House,290m,5,Freehold,,809m,2,,,,
2023-10-04T18:27:08,"63 Seacliffe Avenue, Belmont, North Shore City",2600000.0,current,"{'House': 'House', 'Bedroom': '5', 'Bathroom': '2', 'Floor area': '290m', 'Land area': '809m', 'Title type': 'Freehold'}",https://www.realestate.co.nz/42435504/residential/sale/63-seacliffe-avenue-belmont,"https://mediaserver.realestate.co.nz/listings/42435504/07176309af9b45fab8cd89f76d584265.crop.10x8.jpg?options=compress,blur",House,290m,5,Freehold,,809m,2,,,,
2021-06-01,"300 Burtt Road, Ramarama, Franklin",1860000.0,cv,"{'Section': 'Lifestyle property', 'Bedroom': '4', 'Bathroom': '3', 'Land area': '11330m', 'Title type': 'Freehold', 'Garage': '3'}",https://www.realestate.co.nz/42438882/residential/sale/300-burtt-road-ramarama,"https://mediaserver.realestate.co.nz/listings/42438882/1ed3bd1e16025afbb8d83d619a7aca4f.crop.10x8.jpg?options=compress,blur",,,4,Freehold,3,11330m,3,,Lifestyle property,,
2021-06-01,"300 Burtt Road, Ramarama, Franklin",1825000.0,cv,"{'Section': 'Lifestyle property', 'Bedroom': '4', 'Bathroom': '3', 'Land area': '11330m', 'Title type': 'Freehold', 'Garage': '3'}",https://www.realestate.co.nz/42438882/residential/sale/300-burtt-road-ramarama,"https://mediaserver.realestate.co.nz/listings/42438882/1ed3bd1e16025afbb8d83d619a7aca4f.crop.10x8.jpg?options=compress,blur",,,4,Freehold,3,11330m,3,,Lifestyle property,,
2023-10-10T17:02:21,"300 Burtt Road, Ramarama, Franklin",1800000.0,current,"{'Section': 'Lifestyle property', 'Bedroom': '4', 'Bathroom': '3', 'Land area': '11330m', 'Title type': 'Freehold', 'Garage': '3'}",https://www.realestate.co.nz/42438882/residential/sale/300-burtt-road-ramarama,"https://mediaserver.realestate.co.nz/listings/42438882/1ed3bd1e16025afbb8d83d619a7aca4f.crop.10x8.jpg?options=compress,blur",,,4,Freehold,3,11330m,3,,Lifestyle property,,
2021-06-01,"1/12 Mahurangi Street, Warkworth, Rodney",910000.0,cv,"{'House': 'House', 'Bedroom': '2', 'Bathroom': '1', 'Land area': '1m', 'Garage': '1'}",https://www.realestate.co.nz/42434191/residential/sale/1-12-mahurangi-street-warkworth,"https://mediaserver.realestate.co.nz/listings/42434191/4836008d36d6c0d069d6116a2abb6b10.crop.10x8.jpg?options=compress,blur",House,,2,,1,1m,1,,,,
2023-10-03T13:20:45,"1/12 Mahurangi Street, Warkworth, Rodney",775000.0,current,"{'House': 'House', 'Bedroom': '2', 'Bathroom': '1', 'Land area': '1m', 'Garage': '1'}",https://www.realestate.co.nz/42434191/residential/sale/1-12-mahurangi-street-warkworth,"https://mediaserver.realestate.co.nz/listings/42434191/4836008d36d6c0d069d6116a2abb6b10.crop.10x8.jpg?options=compress,blur",House,,2,,1,1m,1,,,,
2016-07-29,"35 Valley View Road, Glenfield, North Shore City",900000.0,history,"{'House': 'House', 'Bedroom': '4', 'Bathroom': '2', 'Land area': '708m', 'Garage': '1'}",https://www.realestate.co.nz/42439253/residential/sale/14-trevally-place-snells-beach,"https://mediaserver.realestate.co.nz/listings/42439253/6f01bf498ac65bce6fcbcc2abe3d3177.crop.10x8.jpg?options=compress,blur",House,,4,,1,708m,2,,,,
2015-11-12,"35 Valley View Road, Glenfield, North Shore City",923000.0,history,"{'House': 'House', 'Bedroom': '4', 'Bathroom': '2', 'Land area': '708m', 'Garage': '1'}",https://www.realestate.co.nz/42439253/residential/sale/14-trevally-place-snells-beach,"https://mediaserver.realestate.co.nz/listings/42439253/6f01bf498ac65bce6fcbcc2abe3d3177.crop.10x8.jpg?options=compress,blur",House,,4,,1,708m,2,,,,
2001-07-31,"35 Valley View Road, Glenfield, North Shore City",135000.0,history,"{'House': 'House', 'Bedroom': '4', 'Bathroom': '2', 'Land area': '708m', 'Garage': '1'}",https://www.realestate.co.nz/42439253/residential/sale/14-trevally-place-snells-beach,"https://mediaserver.realestate.co.nz/listings/42439253/6f01bf498ac65bce6fcbcc2abe3d3177.crop.10x8.jpg?options=compress,blur",House,,4,,1,708m,2,,,,
1999-05-31,"35 Valley View Road, Glenfield, North Shore City",235000.0,history,"{'House': 'House', 'Bedroom': '4', 'Bathroom': '2', 'Land area': '708m', 'Garage': '1'}",https://www.realestate.co.nz/42439253/residential/sale/14-trevally-place-snells-beach,"https://mediaserver.realestate.co.nz/listings/42439253/6f01bf498ac65bce6fcbcc2abe3d3177.crop.10x8.jpg?options=compress,blur",House,,4,,1,708m,2,,,,
1997-09-30,"35 Valley View Road, Glenfield, North Shore City",250000.0,history,"{'House': 'House', 'Bedroom': '4', 'Bathroom': '2', 'Land area': '708m', 'Garage': '1'}",https://www.realestate.co.nz/42439253/residential/sale/14-trevally-place-snells-beach,"https://mediaserver.realestate.co.nz/listings/42439253/6f01bf498ac65bce6fcbcc2abe3d3177.crop.10x8.jpg?options=compress,blur",House,,4,,1,708m,2,,,,
1993-07-02,"35 Valley View Road, Glenfield, North Shore City",93000.0,history,"{'House': 'House', 'Bedroom': '4', 'Bathroom': '2', 'Land area': '708m', 'Garage': '1'}",https://www.realestate.co.nz/42439253/residential/sale/14-trevally-place-snells-beach,"https://mediaserver.realestate.co.nz/listings/42439253/6f01bf498ac65bce6fcbcc2abe3d3177.crop.10x8.jpg?options=compress,blur",House,,4,,1,708m,2,,,,
2021-06-01,"35 Valley View Road, Glenfield, North Shore City",1130000.0,cv,"{'House': 'House', 'Bedroom': '4', 'Bathroom': '2', 'Land area': '708m', 'Garage': '1'}",https://www.realestate.co.nz/42439253/residential/sale/14-trevally-place-snells-beach,"https://mediaserver.realestate.co.nz/listings/42439253/6f01bf498ac65bce6fcbcc2abe3d3177.crop.10x8.jpg?options=compress,blur",House,,4,,1,708m,2,,,,
2023-10-10T17:59:44,"35 Valley View Road, Glenfield, North Shore City",1000000.0,current,"{'House': 'House', 'Bedroom': '4', 'Bathroom': '2', 'Land area': '708m', 'Garage': '1'}",https://www.realestate.co.nz/42439253/residential/sale/14-trevally-place-snells-beach,"https://mediaserver.realestate.co.nz/listings/42439253/6f01bf498ac65bce6fcbcc2abe3d3177.crop.10x8.jpg?options=compress,blur",House,,4,,1,708m,2,,,,
2021-06-01,"14 Trevally Place, Snells Beach, Rodney",1275000.0,cv,"{'House': 'House', 'Bedroom': '3', 'Bathroom': '2', 'Land area': '454m', 'Title type': 'Freehold', 'Garage': '2'}",https://www.realestate.co.nz/42438926/residential/sale/35-valley-view-road-glenfield,"https://mediaserver.realestate.co.nz/listings/42438926/7b11a2a61254742bfe651e12be8536b2.crop.10x8.jpg?options=compress,blur",House,,3,Freehold,2,454m,2,,,,
2023-10-11T11:47:17,"14 Trevally Place, Snells Beach, Rodney",1500000.0,current,"{'House': 'House', 'Bedroom': '3', 'Bathroom': '2', 'Land area': '454m', 'Title type': 'Freehold', 'Garage': '2'}",https://www.realestate.co.nz/42438926/residential/sale/35-valley-view-road-glenfield,"https://mediaserver.realestate.co.nz/listings/42438926/7b11a2a61254742bfe651e12be8536b2.crop.10x8.jpg?options=compress,blur",House,,3,Freehold,2,454m,2,,,,
2016-07-31,"4 Bongard Road, Mission Bay, Auckland City",2800000.0,history,"{'House': 'House', 'Bedroom': '5', 'Bathroom': '4', 'Land area': '954m', 'Title type': 'Freehold', 'Garage': '2'}",https://www.realestate.co.nz/42431656/residential/sale/34b-edendale-road-somerville,"https://mediaserver.realestate.co.nz/listings/42431656/76abd7eebcf09b770b875dd2893ccc4a.crop.10x8.jpg?options=compress,blur",House,,5,Freehold,2,954m,4,,,,
1992-09-05,"4 Bongard Road, Mission Bay, Auckland City",385000.0,history,"{'House': 'House', 'Bedroom': '5', 'Bathroom': '4', 'Land area': '954m', 'Title type': 'Freehold', 'Garage': '2'}",https://www.realestate.co.nz/42431656/residential/sale/34b-edendale-road-somerville,"https://mediaserver.realestate.co.nz/listings/42431656/76abd7eebcf09b770b875dd2893ccc4a.crop.10x8.jpg?options=compress,blur",House,,5,Freehold,2,954m,4,,,,
2021-06-01,"4 Bongard Road, Mission Bay, Auckland City",4050000.0,cv,"{'House': 'House', 'Bedroom': '5', 'Bathroom': '4', 'Land area': '954m', 'Title type': 'Freehold', 'Garage': '2'}",https://www.realestate.co.nz/42431656/residential/sale/34b-edendale-road-somerville,"https://mediaserver.realestate.co.nz/listings/42431656/76abd7eebcf09b770b875dd2893ccc4a.crop.10x8.jpg?options=compress,blur",House,,5,Freehold,2,954m,4,,,,
2023-10-11T15:05:50,"4 Bongard Road, Mission Bay, Auckland City",3500000.0,current,"{'House': 'House', 'Bedroom': '5', 'Bathroom': '4', 'Land area': '954m', 'Title type': 'Freehold', 'Garage': '2'}",https://www.realestate.co.nz/42431656/residential/sale/34b-edendale-road-somerville,"https://mediaserver.realestate.co.nz/listings/42431656/76abd7eebcf09b770b875dd2893ccc4a.crop.10x8.jpg?options=compress,blur",House,,5,Freehold,2,954m,4,,,,
1995-03-24,"13 Claremont Street, Grafton, Auckland City",236000.0,history,"{'House': 'House', 'Bedroom': '3', 'Bathroom': '1', 'Land area': '506m', 'Title type': 'Freehold'}",https://www.realestate.co.nz/42439659/residential/sale/13-claremont-street-grafton,"https://mediaserver.realestate.co.nz/listings/42439659/0f7a32c53156a77e7ce40a72cf92cfdf.crop.10x8.jpg?options=compress,blur",House,,3,Freehold,,506m,1,,,,
2021-06-01,"13 Claremont Street, Grafton, Auckland City",2350000.0,cv,"{'House': 'House', 'Bedroom': '3', 'Bathroom': '1', 'Land area': '506m', 'Title type': 'Freehold'}",https://www.realestate.co.nz/42439659/residential/sale/13-claremont-street-grafton,"https://mediaserver.realestate.co.nz/listings/42439659/0f7a32c53156a77e7ce40a72cf92cfdf.crop.10x8.jpg?options=compress,blur",House,,3,Freehold,,506m,1,,,,
2023-10-11T16:18:17,"13 Claremont Street, Grafton, Auckland City",1400000.0,current,"{'House': 'House', 'Bedroom': '3', 'Bathroom': '1', 'Land area': '506m', 'Title type': 'Freehold'}",https://www.realestate.co.nz/42439659/residential/sale/13-claremont-street-grafton,"https://mediaserver.realestate.co.nz/listings/42439659/0f7a32c53156a77e7ce40a72cf92cfdf.crop.10x8.jpg?options=compress,blur",House,,3,Freehold,,506m,1,,,,
2016-07-31,"4 Bongard Road, Mission Bay, Auckland City",2800000.0,history,"{'House': 'House', 'Bedroom': '5', 'Bathroom': '4', 'Land area': '954m', 'Title type': 'Freehold', 'Garage': '2'}",https://www.realestate.co.nz/42439543/residential/sale/4-bongard-road-mission-bay,"https://mediaserver.realestate.co.nz/listings/42439543/9dcf7ca957c4d1175db85c76b9e11eab.crop.10x8.jpg?options=compress,blur",House,,5,Freehold,2,954m,4,,,,
1992-09-05,"4 Bongard Road, Mission Bay, Auckland City",385000.0,history,"{'House': 'House', 'Bedroom': '5', 'Bathroom': '4', 'Land area': '954m', 'Title type': 'Freehold', 'Garage': '2'}",https://www.realestate.co.nz/42439543/residential/sale/4-bongard-road-mission-bay,"https://mediaserver.realestate.co.nz/listings/42439543/9dcf7ca957c4d1175db85c76b9e11eab.crop.10x8.jpg?options=compress,blur",House,,5,Freehold,2,954m,4,,,,
2021-06-01,"4 Bongard Road, Mission Bay, Auckland City",4050000.0,cv,"{'House': 'House', 'Bedroom': '5', 'Bathroom': '4', 'Land area': '954m', 'Title type': 'Freehold', 'Garage': '2'}",https://www.realestate.co.nz/42439543/residential/sale/4-bongard-road-mission-bay,"https://mediaserver.realestate.co.nz/listings/42439543/9dcf7ca957c4d1175db85c76b9e11eab.crop.10x8.jpg?options=compress,blur",House,,5,Freehold,2,954m,4,,,,
2023-10-11T15:05:50,"4 Bongard Road, Mission Bay, Auckland City",3500000.0,current,"{'House': 'House', 'Bedroom': '5', 'Bathroom': '4', 'Land area': '954m', 'Title type': 'Freehold', 'Garage': '2'}",https://www.realestate.co.nz/42439543/residential/sale/4-bongard-road-mission-bay,"https://mediaserver.realestate.co.nz/listings/42439543/9dcf7ca957c4d1175db85c76b9e11eab.crop.10x8.jpg?options=compress,blur",House,,5,Freehold,2,954m,4,,,,
2002-04-30,"58 Bay Vista Drive, Red Beach, Rodney",300000.0,history,"{'House': 'House', 'Bedroom': '3', 'Bathroom': '2', 'Title type': 'Freehold', 'Garage': '2'}",https://www.realestate.co.nz/42434896/residential/sale/58-bay-vista-drive-red-beach,"https://mediaserver.realestate.co.nz/listings/42434896/a345c416c78b01bc1597273f0e79628d.crop.10x8.jpg?options=compress,blur",House,,3,Freehold,2,,2,,,,
2021-06-01,"58 Bay Vista Drive, Red Beach, Rodney",1175000.0,cv,"{'House': 'House', 'Bedroom': '3', 'Bathroom': '2', 'Title type': 'Freehold', 'Garage': '2'}",https://www.realestate.co.nz/42434896/residential/sale/58-bay-vista-drive-red-beach,"https://mediaserver.realestate.co.nz/listings/42434896/a345c416c78b01bc1597273f0e79628d.crop.10x8.jpg?options=compress,blur",House,,3,Freehold,2,,2,,,,
2023-10-04T11:44:49,"58 Bay Vista Drive, Red Beach, Rodney",1200000.0,current,"{'House': 'House', 'Bedroom': '3', 'Bathroom': '2', 'Title type': 'Freehold', 'Garage': '2'}",https://www.realestate.co.nz/42434896/residential/sale/58-bay-vista-drive-red-beach,"https://mediaserver.realestate.co.nz/listings/42434896/a345c416c78b01bc1597273f0e79628d.crop.10x8.jpg?options=compress,blur",House,,3,Freehold,2,,2,,,,
2006-03-27,"2/11 Taranaki Road, Kohimarama, Auckland City",1750000.0,history,"{'Apartment': 'Apartment', 'Bedroom': '3', 'Bathroom': '2', 'Floor area': '263m', 'Title type': 'Unit Title', 'Garage': '3'}",https://www.realestate.co.nz/42438995/residential/sale/2-11-taranaki-road-kohimarama,"https://mediaserver.realestate.co.nz/listings/42438995/c159e9c8a35b1af51f6fdf826de4c7c6.crop.10x8.jpg?options=compress,blur",,263m,3,Unit Title,3,,2,Apartment,,,
2006-02-22,"2/11 Taranaki Road, Kohimarama, Auckland City",1560000.0,history,"{'Apartment': 'Apartment', 'Bedroom': '3', 'Bathroom': '2', 'Floor area': '263m', 'Title type': 'Unit Title', 'Garage': '3'}",https://www.realestate.co.nz/42438995/residential/sale/2-11-taranaki-road-kohimarama,"https://mediaserver.realestate.co.nz/listings/42438995/c159e9c8a35b1af51f6fdf826de4c7c6.crop.10x8.jpg?options=compress,blur",,263m,3,Unit Title,3,,2,Apartment,,,
2021-06-01,"2/11 Taranaki Road, Kohimarama, Auckland City",3225000.0,cv,"{'Apartment': 'Apartment', 'Bedroom': '3', 'Bathroom': '2', 'Floor area': '263m', 'Title type': 'Unit Title', 'Garage': '3'}",https://www.realestate.co.nz/42438995/residential/sale/2-11-taranaki-road-kohimarama,"https://mediaserver.realestate.co.nz/listings/42438995/c159e9c8a35b1af51f6fdf826de4c7c6.crop.10x8.jpg?options=compress,blur",,263m,3,Unit Title,3,,2,Apartment,,,
2023-10-11T00:07:55,"2/11 Taranaki Road, Kohimarama, Auckland City",3500000.0,current,"{'Apartment': 'Apartment', 'Bedroom': '3', 'Bathroom': '2', 'Floor area': '263m', 'Title type': 'Unit Title', 'Garage': '3'}",https://www.realestate.co.nz/42438995/residential/sale/2-11-taranaki-road-kohimarama,"https://mediaserver.realestate.co.nz/listings/42438995/c159e9c8a35b1af51f6fdf826de4c7c6.crop.10x8.jpg?options=compress,blur",,263m,3,Unit Title,3,,2,Apartment,,,
2021-06-01,"32 Tiverton Road, Avondale, Auckland City",1250000.0,cv,"{'House': 'House', 'Bedroom': '3', 'Bathroom': '2', 'Land area': '502m', 'Title type': 'Freehold'}",https://www.realestate.co.nz/42439791/residential/sale/32-tiverton-road-avondale,"https://mediaserver.realestate.co.nz/listings/42439791/f10ac64899c4e717cef719418def306d.crop.10x8.jpg?options=compress,blur",House,,3,Freehold,,502m,2,,,,
2023-10-11T17:57:15,"32 Tiverton Road, Avondale, Auckland City",1000000.0,current,"{'House': 'House', 'Bedroom': '3', 'Bathroom': '2', 'Land area': '502m', 'Title type': 'Freehold'}",https://www.realestate.co.nz/42439791/residential/sale/32-tiverton-road-avondale,"https://mediaserver.realestate.co.nz/listings/42439791/f10ac64899c4e717cef719418def306d.crop.10x8.jpg?options=compress,blur",House,,3,Freehold,,502m,2,,,,
2003-03-31,"39 Williamson Avenue, Belmont, North Shore City",562500.0,history,"{'House': 'House', 'Bedroom': '4', 'Bathroom': '2', 'Floor area': '260m', 'Land area': '621m', 'Title type': 'Freehold', 'Garage': '1'}",https://www.realestate.co.nz/42438898/residential/sale/39-williamson-avenue-belmont,"https://mediaserver.realestate.co.nz/listings/42438898/ce76b60383d9d1b2439c8fbbaa1c4bc4.crop.10x8.jpg?options=compress,blur",House,260m,4,Freehold,1,621m,2,,,,
2021-06-01,"39 Williamson Avenue, Belmont, North Shore City",3280000.0,cv,"{'House': 'House', 'Bedroom': '4', 'Bathroom': '2', 'Floor area': '260m', 'Land area': '621m', 'Title type': 'Freehold', 'Garage': '1'}",https://www.realestate.co.nz/42438898/residential/sale/39-williamson-avenue-belmont,"https://mediaserver.realestate.co.nz/listings/42438898/ce76b60383d9d1b2439c8fbbaa1c4bc4.crop.10x8.jpg?options=compress,blur",House,260m,4,Freehold,1,621m,2,,,,
2023-10-10T17:17:07,"39 Williamson Avenue, Belmont, North Shore City",2600000.0,current,"{'House': 'House', 'Bedroom': '4', 'Bathroom': '2', 'Floor area': '260m', 'Land area': '621m', 'Title type': 'Freehold', 'Garage': '1'}",https://www.realestate.co.nz/42438898/residential/sale/39-williamson-avenue-belmont,"https://mediaserver.realestate.co.nz/listings/42438898/ce76b60383d9d1b2439c8fbbaa1c4bc4.crop.10x8.jpg?options=compress,blur",House,260m,4,Freehold,1,621m,2,,,,
2012-03-29,"160 Ennis Avenue, Pakuranga, Manukau City",468000.0,history,"{'House': 'House', 'Bedroom': '4', 'Bathroom': '2', 'Floor area': '130m', 'Land area': '558m', 'Covered park': '1'}",https://www.realestate.co.nz/42431555/residential/sale/160-ennis-avenue-pakuranga,"https://mediaserver.realestate.co.nz/listings/42431555/b86dffeaa0e541950367b00777a7d28f.crop.10x8.jpg?options=compress,blur",House,130m,4,,,558m,2,,,1,
2005-01-31,"160 Ennis Avenue, Pakuranga, Manukau City",310000.0,history,"{'House': 'House', 'Bedroom': '4', 'Bathroom': '2', 'Floor area': '130m', 'Land area': '558m', 'Covered park': '1'}",https://www.realestate.co.nz/42431555/residential/sale/160-ennis-avenue-pakuranga,"https://mediaserver.realestate.co.nz/listings/42431555/b86dffeaa0e541950367b00777a7d28f.crop.10x8.jpg?options=compress,blur",House,130m,4,,,558m,2,,,1,
2003-09-30,"160 Ennis Avenue, Pakuranga, Manukau City",272500.0,history,"{'House': 'House', 'Bedroom': '4', 'Bathroom': '2', 'Floor area': '130m', 'Land area': '558m', 'Covered park': '1'}",https://www.realestate.co.nz/42431555/residential/sale/160-ennis-avenue-pakuranga,"https://mediaserver.realestate.co.nz/listings/42431555/b86dffeaa0e541950367b00777a7d28f.crop.10x8.jpg?options=compress,blur",House,130m,4,,,558m,2,,,1,
2021-06-01,"160 Ennis Avenue, Pakuranga, Manukau City",1350000.0,cv,"{'House': 'House', 'Bedroom': '4', 'Bathroom': '2', 'Floor area': '130m', 'Land area': '558m', 'Covered park': '1'}",https://www.realestate.co.nz/42431555/residential/sale/160-ennis-avenue-pakuranga,"https://mediaserver.realestate.co.nz/listings/42431555/b86dffeaa0e541950367b00777a7d28f.crop.10x8.jpg?options=compress,blur",House,130m,4,,,558m,2,,,1,
2023-09-27T16:44:41,"160 Ennis Avenue, Pakuranga, Manukau City",1200000.0,current,"{'House': 'House', 'Bedroom': '4', 'Bathroom': '2', 'Floor area': '130m', 'Land area': '558m', 'Covered park': '1'}",https://www.realestate.co.nz/42431555/residential/sale/160-ennis-avenue-pakuranga,"https://mediaserver.realestate.co.nz/listings/42431555/b86dffeaa0e541950367b00777a7d28f.crop.10x8.jpg?options=compress,blur",House,130m,4,,,558m,2,,,1,
2018-09-28,"8 Pheasant Close, Stanmore Bay, Rodney",965000.0,history,"{'House': 'House', 'Bedroom': '4', 'Bathroom': '2', 'Land area': '607m', 'Title type': 'Freehold', 'Garage': '2'}",https://www.realestate.co.nz/42439489/residential/sale/8-pheasant-close-stanmore-bay,"https://mediaserver.realestate.co.nz/listings/42439489/819d3189a2299df0f85a1485352b3133.crop.10x8.jpg?options=compress,blur",House,,4,Freehold,2,607m,2,,,,
2021-06-01,"8 Pheasant Close, Stanmore Bay, Rodney",1225000.0,cv,"{'House': 'House', 'Bedroom': '4', 'Bathroom': '2', 'Land area': '607m', 'Title type': 'Freehold', 'Garage': '2'}",https://www.realestate.co.nz/42439489/residential/sale/8-pheasant-close-stanmore-bay,"https://mediaserver.realestate.co.nz/listings/42439489/819d3189a2299df0f85a1485352b3133.crop.10x8.jpg?options=compress,blur",House,,4,Freehold,2,607m,2,,,,
2023-10-11T14:38:11,"8 Pheasant Close, Stanmore Bay, Rodney",1275000.0,current,"{'House': 'House', 'Bedroom': '4', 'Bathroom': '2', 'Land area': '607m', 'Title type': 'Freehold', 'Garage': '2'}",https://www.realestate.co.nz/42439489/residential/sale/8-pheasant-close-stanmore-bay,"https://mediaserver.realestate.co.nz/listings/42439489/819d3189a2299df0f85a1485352b3133.crop.10x8.jpg?options=compress,blur",House,,4,Freehold,2,607m,2,,,,
2008-09-09,"4 Fitzpatrick Place, Chatswood, North Shore City",649000.0,history,"{'House': 'House', 'Bedroom': '5', 'Bathroom': '3', 'Floor area': '260m', 'Land area': '663m'}",https://www.realestate.co.nz/42439244/residential/sale/4-fitzpatrick-place-chatswood,"https://mediaserver.realestate.co.nz/listings/42439244/ee17dc2c215fde29996d2d25c31d1d22.crop.10x8.jpg?options=compress,blur",House,260m,5,,,663m,3,,,,
2021-06-01,"4 Fitzpatrick Place, Chatswood, North Shore City",1500000.0,cv,"{'House': 'House', 'Bedroom': '5', 'Bathroom': '3', 'Floor area': '260m', 'Land area': '663m'}",https://www.realestate.co.nz/42439244/residential/sale/4-fitzpatrick-place-chatswood,"https://mediaserver.realestate.co.nz/listings/42439244/ee17dc2c215fde29996d2d25c31d1d22.crop.10x8.jpg?options=compress,blur",House,260m,5,,,663m,3,,,,
2023-10-11T11:41:09,"4 Fitzpatrick Place, Chatswood, North Shore City",1500000.0,current,"{'House': 'House', 'Bedroom': '5', 'Bathroom': '3', 'Floor area': '260m', 'Land area': '663m'}",https://www.realestate.co.nz/42439244/residential/sale/4-fitzpatrick-place-chatswood,"https://mediaserver.realestate.co.nz/listings/42439244/ee17dc2c215fde29996d2d25c31d1d22.crop.10x8.jpg?options=compress,blur",House,260m,5,,,663m,3,,,,
2021-06-01,"782 Ararimu Road, Ararimu, Franklin",1525000.0,cv,"{'Section': 'Lifestyle section', 'Bathroom': '1', 'Land area': '11.96ha', 'Title type': 'Freehold', 'Garage': '4'}",https://www.realestate.co.nz/42435834/rural/sale/782-ararimu-road-ararimu,"https://mediaserver.realestate.co.nz/listings/42435834/8f2b20f0ace41f9c86ffe433a50e8139.crop.10x8.jpg?options=compress,blur",,,,Freehold,4,11.96ha,1,,Lifestyle section,,
2023-10-05T11:58:22,"782 Ararimu Road, Ararimu, Franklin",1800000.0,current,"{'Section': 'Lifestyle section', 'Bathroom': '1', 'Land area': '11.96ha', 'Title type': 'Freehold', 'Garage': '4'}",https://www.realestate.co.nz/42435834/rural/sale/782-ararimu-road-ararimu,"https://mediaserver.realestate.co.nz/listings/42435834/8f2b20f0ace41f9c86ffe433a50e8139.crop.10x8.jpg?options=compress,blur",,,,Freehold,4,11.96ha,1,,Lifestyle section,,
,"P1/30 York Street, Parnell, Auckland City",,,"{'House': 'House', 'Bedroom': '3', 'Bathroom': '3', 'Floor area': '240m', 'Garage': '2'}",https://www.realestate.co.nz/42439576/residential/sale/p1-30-york-street-parnell,"https://mediaserver.realestate.co.nz/listings/42439576/332b0d9c4db515109645d47135f8e5b4.crop.10x8.jpg?options=compress,blur",House,240m,3,,2,,3,,,,
2014-03-10,"147 Stonefields Avenue, Stonefields, Auckland City",980000.0,history,"{'Townhouse': 'Townhouse', 'Bedroom': '4', 'Bathroom': '2', 'Land area': '200m', 'Title type': 'Freehold', 'Garage': '2'}",https://www.realestate.co.nz/42439869/residential/sale/147-stonefields-avenue-stonefields,"https://mediaserver.realestate.co.nz/listings/42439869/ca44f46b1957120b897fee3454e051bf.crop.10x8.jpg?options=compress,blur",,,4,Freehold,2,200m,2,,,,Townhouse
2012-04-23,"147 Stonefields Avenue, Stonefields, Auckland City",730000.0,history,"{'Townhouse': 'Townhouse', 'Bedroom': '4', 'Bathroom': '2', 'Land area': '200m', 'Title type': 'Freehold', 'Garage': '2'}",https://www.realestate.co.nz/42439869/residential/sale/147-stonefields-avenue-stonefields,"https://mediaserver.realestate.co.nz/listings/42439869/ca44f46b1957120b897fee3454e051bf.crop.10x8.jpg?options=compress,blur",,,4,Freehold,2,200m,2,,,,Townhouse
2021-06-01,"147 Stonefields Avenue, Stonefields, Auckland City",1950000.0,cv,"{'Townhouse': 'Townhouse', 'Bedroom': '4', 'Bathroom': '2', 'Land area': '200m', 'Title type': 'Freehold', 'Garage': '2'}",https://www.realestate.co.nz/42439869/residential/sale/147-stonefields-avenue-stonefields,"https://mediaserver.realestate.co.nz/listings/42439869/ca44f46b1957120b897fee3454e051bf.crop.10x8.jpg?options=compress,blur",,,4,Freehold,2,200m,2,,,,Townhouse
2023-10-12T00:07:36,"147 Stonefields Avenue, Stonefields, Auckland City",1800000.0,current,"{'Townhouse': 'Townhouse', 'Bedroom': '4', 'Bathroom': '2', 'Land area': '200m', 'Title type': 'Freehold', 'Garage': '2'}",https://www.realestate.co.nz/42439869/residential/sale/147-stonefields-avenue-stonefields,"https://mediaserver.realestate.co.nz/listings/42439869/ca44f46b1957120b897fee3454e051bf.crop.10x8.jpg?options=compress,blur",,,4,Freehold,2,200m,2,,,,Townhouse
2021-06-01,"11 Commissariat Road, Mount Wellington, Auckland City",1380000.0,cv,"{'House': 'House', 'Bedroom': '4', 'Bathroom': '2', 'Land area': '558m', 'Title type': 'Freehold', 'Covered park': '1'}",https://www.realestate.co.nz/42431647/residential/sale/11-commissariat-road-mount-wellington,"https://mediaserver.realestate.co.nz/listings/42431647/ffd4622b5a02789256fb9836bae939ed.crop.10x8.jpg?options=compress,blur",House,,4,Freehold,,558m,2,,,1,
2021-06-01,"11 Commissariat Road, Mount Wellington, Auckland City",1175000.0,cv,"{'House': 'House', 'Bedroom': '4', 'Bathroom': '2', 'Land area': '558m', 'Title type': 'Freehold', 'Covered park': '1'}",https://www.realestate.co.nz/42431647/residential/sale/11-commissariat-road-mount-wellington,"https://mediaserver.realestate.co.nz/listings/42431647/ffd4622b5a02789256fb9836bae939ed.crop.10x8.jpg?options=compress,blur",House,,4,Freehold,,558m,2,,,1,
2023-09-28T01:05:51,"11 Commissariat Road, Mount Wellington, Auckland City",1600000.0,current,"{'House': 'House', 'Bedroom': '4', 'Bathroom': '2', 'Land area': '558m', 'Title type': 'Freehold', 'Covered park': '1'}",https://www.realestate.co.nz/42431647/residential/sale/11-commissariat-road-mount-wellington,"https://mediaserver.realestate.co.nz/listings/42431647/ffd4622b5a02789256fb9836bae939ed.crop.10x8.jpg?options=compress,blur",House,,4,Freehold,,558m,2,,,1,
2021-06-01,"59B Raurenga Avenue, Royal Oak, Auckland City",2575000.0,cv,"{'House': 'House', 'Bedroom': '5', 'Bathroom': '3', 'Land area': '441m', 'Title type': 'Freehold', 'Garage': '2'}",https://www.realestate.co.nz/42434782/residential/sale/59b-raurenga-avenue-royal-oak,"https://mediaserver.realestate.co.nz/listings/42434782/060e9356b4cf149f014609082808b0b2.crop.10x8.jpg?options=compress,blur",House,,5,Freehold,2,441m,3,,,,
2023-10-04T10:17:47,"59B Raurenga Avenue, Royal Oak, Auckland City",2000000.0,current,"{'House': 'House', 'Bedroom': '5', 'Bathroom': '3', 'Land area': '441m', 'Title type': 'Freehold', 'Garage': '2'}",https://www.realestate.co.nz/42434782/residential/sale/59b-raurenga-avenue-royal-oak,"https://mediaserver.realestate.co.nz/listings/42434782/060e9356b4cf149f014609082808b0b2.crop.10x8.jpg?options=compress,blur",House,,5,Freehold,2,441m,3,,,,
2021-06-01,"9B Lydia Avenue, Northcote, North Shore City",1525000.0,cv,"{'House': 'House', 'Bedroom': '4', 'Bathroom': '3', 'Land area': '315m', 'Title type': 'Freehold', 'Garage': '1'}",https://www.realestate.co.nz/42431897/residential/sale/9b-lydia-avenue-northcote,"https://mediaserver.realestate.co.nz/listings/42431897/05aa6b116d2e13145d9530917019a6bf.crop.10x8.jpg?options=compress,blur",House,,4,Freehold,1,315m,3,,,,
2023-09-28T12:18:26,"9B Lydia Avenue, Northcote, North Shore City",1600000.0,current,"{'House': 'House', 'Bedroom': '4', 'Bathroom': '3', 'Land area': '315m', 'Title type': 'Freehold', 'Garage': '1'}",https://www.realestate.co.nz/42431897/residential/sale/9b-lydia-avenue-northcote,"https://mediaserver.realestate.co.nz/listings/42431897/05aa6b116d2e13145d9530917019a6bf.crop.10x8.jpg?options=compress,blur",House,,4,Freehold,1,315m,3,,,,
2017-12-13,"52 Intrepid Crescent, Beachlands, Manukau City",1142000.0,history,"{'House': 'House', 'Bedroom': '4', 'Bathroom': '2', 'Land area': '883m', 'Title type': 'Freehold', 'Garage': '2'}",https://www.realestate.co.nz/42431436/residential/sale/52-intrepid-crescent-beachlands,"https://mediaserver.realestate.co.nz/listings/42431436/66a142062095c6b1ff0af1dcfdfe4a92.crop.10x8.jpg?options=compress,blur",House,,4,Freehold,2,883m,2,,,,
2016-03-31,"52 Intrepid Crescent, Beachlands, Manukau City",930000.0,history,"{'House': 'House', 'Bedroom': '4', 'Bathroom': '2', 'Land area': '883m', 'Title type': 'Freehold', 'Garage': '2'}",https://www.realestate.co.nz/42431436/residential/sale/52-intrepid-crescent-beachlands,"https://mediaserver.realestate.co.nz/listings/42431436/66a142062095c6b1ff0af1dcfdfe4a92.crop.10x8.jpg?options=compress,blur",House,,4,Freehold,2,883m,2,,,,
2014-09-30,"52 Intrepid Crescent, Beachlands, Manukau City",850000.0,history,"{'House': 'House', 'Bedroom': '4', 'Bathroom': '2', 'Land area': '883m', 'Title type': 'Freehold', 'Garage': '2'}",https://www.realestate.co.nz/42431436/residential/sale/52-intrepid-crescent-beachlands,"https://mediaserver.realestate.co.nz/listings/42431436/66a142062095c6b1ff0af1dcfdfe4a92.crop.10x8.jpg?options=compress,blur",House,,4,Freehold,2,883m,2,,,,
2010-09-30,"52 Intrepid Crescent, Beachlands, Manukau City",640500.0,history,"{'House': 'House', 'Bedroom': '4', 'Bathroom': '2', 'Land area': '883m', 'Title type': 'Freehold', 'Garage': '2'}",https://www.realestate.co.nz/42431436/residential/sale/52-intrepid-crescent-beachlands,"https://mediaserver.realestate.co.nz/listings/42431436/66a142062095c6b1ff0af1dcfdfe4a92.crop.10x8.jpg?options=compress,blur",House,,4,Freehold,2,883m,2,,,,
2006-04-22,"52 Intrepid Crescent, Beachlands, Manukau City",250000.0,history,"{'House': 'House', 'Bedroom': '4', 'Bathroom': '2', 'Land area': '883m', 'Title type': 'Freehold', 'Garage': '2'}",https://www.realestate.co.nz/42431436/residential/sale/52-intrepid-crescent-beachlands,"https://mediaserver.realestate.co.nz/listings/42431436/66a142062095c6b1ff0af1dcfdfe4a92.crop.10x8.jpg?options=compress,blur",House,,4,Freehold,2,883m,2,,,,
2021-06-01,"52 Intrepid Crescent, Beachlands, Manukau City",1300000.0,cv,"{'House': 'House', 'Bedroom': '4', 'Bathroom': '2', 'Land area': '883m', 'Title type': 'Freehold', 'Garage': '2'}",https://www.realestate.co.nz/42431436/residential/sale/52-intrepid-crescent-beachlands,"https://mediaserver.realestate.co.nz/listings/42431436/66a142062095c6b1ff0af1dcfdfe4a92.crop.10x8.jpg?options=compress,blur",House,,4,Freehold,2,883m,2,,,,
2023-09-27T15:21:23,"52 Intrepid Crescent, Beachlands, Manukau City",1200000.0,current,"{'House': 'House', 'Bedroom': '4', 'Bathroom': '2', 'Land area': '883m', 'Title type': 'Freehold', 'Garage': '2'}",https://www.realestate.co.nz/42431436/residential/sale/52-intrepid-crescent-beachlands,"https://mediaserver.realestate.co.nz/listings/42431436/66a142062095c6b1ff0af1dcfdfe4a92.crop.10x8.jpg?options=compress,blur",House,,4,Freehold,2,883m,2,,,,
2013-02-08,"6 Silverwood Drive, Flat Bush, Manukau City",752000.0,history,"{'House': 'House', 'Bedroom': '5', 'Bathroom': '3', 'Land area': '405m', 'Garage': '2'}",https://www.realestate.co.nz/42435139/residential/sale/6-silverwood-drive-flat-bush,"https://mediaserver.realestate.co.nz/listings/42435139/a0fb4ec5bccee82b8445459bb39427ef.crop.10x8.jpg?options=compress,blur",House,,5,,2,405m,3,,,,
2010-01-15,"6 Silverwood Drive, Flat Bush, Manukau City",641500.0,history,"{'House': 'House', 'Bedroom': '5', 'Bathroom': '3', 'Land area': '405m', 'Garage': '2'}",https://www.realestate.co.nz/42435139/residential/sale/6-silverwood-drive-flat-bush,"https://mediaserver.realestate.co.nz/listings/42435139/a0fb4ec5bccee82b8445459bb39427ef.crop.10x8.jpg?options=compress,blur",House,,5,,2,405m,3,,,,
2005-06-30,"6 Silverwood Drive, Flat Bush, Manukau City",552500.0,history,"{'House': 'House', 'Bedroom': '5', 'Bathroom': '3', 'Land area': '405m', 'Garage': '2'}",https://www.realestate.co.nz/42435139/residential/sale/6-silverwood-drive-flat-bush,"https://mediaserver.realestate.co.nz/listings/42435139/a0fb4ec5bccee82b8445459bb39427ef.crop.10x8.jpg?options=compress,blur",House,,5,,2,405m,3,,,,
2003-11-10,"6 Silverwood Drive, Flat Bush, Manukau City",155000.0,history,"{'House': 'House', 'Bedroom': '5', 'Bathroom': '3', 'Land area': '405m', 'Garage': '2'}",https://www.realestate.co.nz/42435139/residential/sale/6-silverwood-drive-flat-bush,"https://mediaserver.realestate.co.nz/listings/42435139/a0fb4ec5bccee82b8445459bb39427ef.crop.10x8.jpg?options=compress,blur",House,,5,,2,405m,3,,,,
2021-06-01,"6 Silverwood Drive, Flat Bush, Manukau City",1350000.0,cv,"{'House': 'House', 'Bedroom': '5', 'Bathroom': '3', 'Land area': '405m', 'Garage': '2'}",https://www.realestate.co.nz/42435139/residential/sale/6-silverwood-drive-flat-bush,"https://mediaserver.realestate.co.nz/listings/42435139/a0fb4ec5bccee82b8445459bb39427ef.crop.10x8.jpg?options=compress,blur",House,,5,,2,405m,3,,,,
2023-10-04T14:13:37,"6 Silverwood Drive, Flat Bush, Manukau City",1300000.0,current,"{'House': 'House', 'Bedroom': '5', 'Bathroom': '3', 'Land area': '405m', 'Garage': '2'}",https://www.realestate.co.nz/42435139/residential/sale/6-silverwood-drive-flat-bush,"https://mediaserver.realestate.co.nz/listings/42435139/a0fb4ec5bccee82b8445459bb39427ef.crop.10x8.jpg?options=compress,blur",House,,5,,2,405m,3,,,,
2016-06-29,"1/668 Whangaparaoa Road, Stanmore Bay, Rodney",582000.0,history,"{'House': 'House', 'Bedroom': '3', 'Bathroom': '2', 'Title type': 'Cross Lease', 'Garage': '2'}",https://www.realestate.co.nz/42433089/residential/sale/1-668-whangaparaoa-road-stanmore-bay,"https://mediaserver.realestate.co.nz/listings/42433089/b37f12335c4357d98ad6388e6d137458.crop.10x8.jpg?options=compress,blur",House,,3,Cross Lease,2,,2,,,,
2014-11-10,"1/668 Whangaparaoa Road, Stanmore Bay, Rodney",400000.0,history,"{'House': 'House', 'Bedroom': '3', 'Bathroom': '2', 'Title type': 'Cross Lease', 'Garage': '2'}",https://www.realestate.co.nz/42433089/residential/sale/1-668-whangaparaoa-road-stanmore-bay,"https://mediaserver.realestate.co.nz/listings/42433089/b37f12335c4357d98ad6388e6d137458.crop.10x8.jpg?options=compress,blur",House,,3,Cross Lease,2,,2,,,,
2021-06-01,"1/668 Whangaparaoa Road, Stanmore Bay, Rodney",750000.0,cv,"{'House': 'House', 'Bedroom': '3', 'Bathroom': '2', 'Title type': 'Cross Lease', 'Garage': '2'}",https://www.realestate.co.nz/42433089/residential/sale/1-668-whangaparaoa-road-stanmore-bay,"https://mediaserver.realestate.co.nz/listings/42433089/b37f12335c4357d98ad6388e6d137458.crop.10x8.jpg?options=compress,blur",House,,3,Cross Lease,2,,2,,,,
2023-10-01T01:05:52,"1/668 Whangaparaoa Road, Stanmore Bay, Rodney",700000.0,current,"{'House': 'House', 'Bedroom': '3', 'Bathroom': '2', 'Title type': 'Cross Lease', 'Garage': '2'}",https://www.realestate.co.nz/42433089/residential/sale/1-668-whangaparaoa-road-stanmore-bay,"https://mediaserver.realestate.co.nz/listings/42433089/b37f12335c4357d98ad6388e6d137458.crop.10x8.jpg?options=compress,blur",House,,3,Cross Lease,2,,2,,,,
2020-02-14,"1 Grove Road, Devonport, North Shore City",3275000.0,history,"{'House': 'House', 'Bedroom': '5', 'Bathroom': '4', 'Land area': '1012m', 'Title type': 'Freehold', 'Garage': '2'}",https://www.realestate.co.nz/42435126/residential/sale/1-grove-road-devonport,"https://mediaserver.realestate.co.nz/listings/42435126/3fd1119b0a7d467eb42e62ed781910e2.crop.10x8.jpg?options=compress,blur",House,,5,Freehold,2,1012m,4,,,,
2011-09-19,"1 Grove Road, Devonport, North Shore City",1995000.0,history,"{'House': 'House', 'Bedroom': '5', 'Bathroom': '4', 'Land area': '1012m', 'Title type': 'Freehold', 'Garage': '2'}",https://www.realestate.co.nz/42435126/residential/sale/1-grove-road-devonport,"https://mediaserver.realestate.co.nz/listings/42435126/3fd1119b0a7d467eb42e62ed781910e2.crop.10x8.jpg?options=compress,blur",House,,5,Freehold,2,1012m,4,,,,
2000-05-31,"1 Grove Road, Devonport, North Shore City",820000.0,history,"{'House': 'House', 'Bedroom': '5', 'Bathroom': '4', 'Land area': '1012m', 'Title type': 'Freehold', 'Garage': '2'}",https://www.realestate.co.nz/42435126/residential/sale/1-grove-road-devonport,"https://mediaserver.realestate.co.nz/listings/42435126/3fd1119b0a7d467eb42e62ed781910e2.crop.10x8.jpg?options=compress,blur",House,,5,Freehold,2,1012m,4,,,,
1993-11-22,"1 Grove Road, Devonport, North Shore City",602000.0,history,"{'House': 'House', 'Bedroom': '5', 'Bathroom': '4', 'Land area': '1012m', 'Title type': 'Freehold', 'Garage': '2'}",https://www.realestate.co.nz/42435126/residential/sale/1-grove-road-devonport,"https://mediaserver.realestate.co.nz/listings/42435126/3fd1119b0a7d467eb42e62ed781910e2.crop.10x8.jpg?options=compress,blur",House,,5,Freehold,2,1012m,4,,,,
2021-06-01,"1 Grove Road, Devonport, North Shore City",3850000.0,cv,"{'House': 'House', 'Bedroom': '5', 'Bathroom': '4', 'Land area': '1012m', 'Title type': 'Freehold', 'Garage': '2'}",https://www.realestate.co.nz/42435126/residential/sale/1-grove-road-devonport,"https://mediaserver.realestate.co.nz/listings/42435126/3fd1119b0a7d467eb42e62ed781910e2.crop.10x8.jpg?options=compress,blur",House,,5,Freehold,2,1012m,4,,,,
2023-10-04T14:07:11,"1 Grove Road, Devonport, North Shore City",3500000.0,current,"{'House': 'House', 'Bedroom': '5', 'Bathroom': '4', 'Land area': '1012m', 'Title type': 'Freehold', 'Garage': '2'}",https://www.realestate.co.nz/42435126/residential/sale/1-grove-road-devonport,"https://mediaserver.realestate.co.nz/listings/42435126/3fd1119b0a7d467eb42e62ed781910e2.crop.10x8.jpg?options=compress,blur",House,,5,Freehold,2,1012m,4,,,,
2020-10-01,"670 Findlay Road, Miranda, Franklin",1890000.0,cv,"{'Section': 'Lifestyle section', 'Bedroom': '6', 'Bathroom': '2', 'Land area': '4.42ha', 'Title type': 'Freehold', 'Garage': '5'}",https://www.realestate.co.nz/42435781/rural/sale/670-findlay-road-miranda,"https://mediaserver.realestate.co.nz/listings/42435781/066ebf6331667336e4c838f1e3759deb.crop.10x8.jpg?options=compress,blur",,,6,Freehold,5,4.42ha,2,,Lifestyle section,,
2023-10-05T11:28:05,"670 Findlay Road, Miranda, Franklin",2550000.0,current,"{'Section': 'Lifestyle section', 'Bedroom': '6', 'Bathroom': '2', 'Land area': '4.42ha', 'Title type': 'Freehold', 'Garage': '5'}",https://www.realestate.co.nz/42435781/rural/sale/670-findlay-road-miranda,"https://mediaserver.realestate.co.nz/listings/42435781/066ebf6331667336e4c838f1e3759deb.crop.10x8.jpg?options=compress,blur",,,6,Freehold,5,4.42ha,2,,Lifestyle section,,
2019-06-20,"11 View Road, Papakura, Papakura",618000.0,history,"{'House': 'House', 'Bedroom': '3', 'Bathroom': '1', 'Land area': '400m', 'Garage': '1'}",https://www.realestate.co.nz/42434853/residential/sale/11-view-road-papakura,"https://mediaserver.realestate.co.nz/listings/42434853/012eab8c7b5cbfc1416fb4e8864e0716.crop.10x8.jpg?options=compress,blur",House,,3,,1,400m,1,,,,
2016-04-15,"11 View Road, Papakura, Papakura",505000.0,history,"{'House': 'House', 'Bedroom': '3', 'Bathroom': '1', 'Land area': '400m', 'Garage': '1'}",https://www.realestate.co.nz/42434853/residential/sale/11-view-road-papakura,"https://mediaserver.realestate.co.nz/listings/42434853/012eab8c7b5cbfc1416fb4e8864e0716.crop.10x8.jpg?options=compress,blur",House,,3,,1,400m,1,,,,
1996-07-31,"11 View Road, Papakura, Papakura",167000.0,history,"{'House': 'House', 'Bedroom': '3', 'Bathroom': '1', 'Land area': '400m', 'Garage': '1'}",https://www.realestate.co.nz/42434853/residential/sale/11-view-road-papakura,"https://mediaserver.realestate.co.nz/listings/42434853/012eab8c7b5cbfc1416fb4e8864e0716.crop.10x8.jpg?options=compress,blur",House,,3,,1,400m,1,,,,
1993-12-07,"11 View Road, Papakura, Papakura",116000.0,history,"{'House': 'House', 'Bedroom': '3', 'Bathroom': '1', 'Land area': '400m', 'Garage': '1'}",https://www.realestate.co.nz/42434853/residential/sale/11-view-road-papakura,"https://mediaserver.realestate.co.nz/listings/42434853/012eab8c7b5cbfc1416fb4e8864e0716.crop.10x8.jpg?options=compress,blur",House,,3,,1,400m,1,,,,
2021-06-01,"11 View Road, Papakura, Papakura",810000.0,cv,"{'House': 'House', 'Bedroom': '3', 'Bathroom': '1', 'Land area': '400m', 'Garage': '1'}",https://www.realestate.co.nz/42434853/residential/sale/11-view-road-papakura,"https://mediaserver.realestate.co.nz/listings/42434853/012eab8c7b5cbfc1416fb4e8864e0716.crop.10x8.jpg?options=compress,blur",House,,3,,1,400m,1,,,,
2023-10-04T11:11:07,"11 View Road, Papakura, Papakura",700000.0,current,"{'House': 'House', 'Bedroom': '3', 'Bathroom': '1', 'Land area': '400m', 'Garage': '1'}",https://www.realestate.co.nz/42434853/residential/sale/11-view-road-papakura,"https://mediaserver.realestate.co.nz/listings/42434853/012eab8c7b5cbfc1416fb4e8864e0716.crop.10x8.jpg?options=compress,blur",House,,3,,1,400m,1,,,,
2021-06-01,"11 Warren Avenue, Three Kings, Auckland City",1375000.0,cv,"{'House': 'House', 'Bedroom': '4', 'Bathroom': '3', 'Floor area': '225m', 'Garage': '2'}",https://www.realestate.co.nz/42432116/residential/sale/11-warren-avenue-three-kings,"https://mediaserver.realestate.co.nz/listings/42432116/7cba4105a931c2558dad3a7b3218ce97.crop.10x8.jpg?options=compress,blur",House,225m,4,,2,,3,,,,
2023-09-28T14:59:49,"11 Warren Avenue, Three Kings, Auckland City",1000000.0,current,"{'House': 'House', 'Bedroom': '4', 'Bathroom': '3', 'Floor area': '225m', 'Garage': '2'}",https://www.realestate.co.nz/42432116/residential/sale/11-warren-avenue-three-kings,"https://mediaserver.realestate.co.nz/listings/42432116/7cba4105a931c2558dad3a7b3218ce97.crop.10x8.jpg?options=compress,blur",House,225m,4,,2,,3,,,,
2015-06-30,"7 Tauhinu Road, Greenhithe, North Shore City",1250000.0,history,"{'House': 'House', 'Bedroom': '5', 'Bathroom': '3', 'Land area': '1100m', 'Title type': 'Freehold', 'Garage': '2'}",https://www.realestate.co.nz/42434677/residential/sale/7-tauhinu-road-greenhithe,"https://mediaserver.realestate.co.nz/listings/42434677/18dad149fbdf16fb00c3072d7ec6282f.crop.10x8.jpg?options=compress,blur",House,,5,Freehold,2,1100m,3,,,,
1993-12-09,"7 Tauhinu Road, Greenhithe, North Shore City",236000.0,history,"{'House': 'House', 'Bedroom': '5', 'Bathroom': '3', 'Land area': '1100m', 'Title type': 'Freehold', 'Garage': '2'}",https://www.realestate.co.nz/42434677/residential/sale/7-tauhinu-road-greenhithe,"https://mediaserver.realestate.co.nz/listings/42434677/18dad149fbdf16fb00c3072d7ec6282f.crop.10x8.jpg?options=compress,blur",House,,5,Freehold,2,1100m,3,,,,
1993-12-03,"7 Tauhinu Road, Greenhithe, North Shore City",236000.0,history,"{'House': 'House', 'Bedroom': '5', 'Bathroom': '3', 'Land area': '1100m', 'Title type': 'Freehold', 'Garage': '2'}",https://www.realestate.co.nz/42434677/residential/sale/7-tauhinu-road-greenhithe,"https://mediaserver.realestate.co.nz/listings/42434677/18dad149fbdf16fb00c3072d7ec6282f.crop.10x8.jpg?options=compress,blur",House,,5,Freehold,2,1100m,3,,,,
2021-06-01,"7 Tauhinu Road, Greenhithe, North Shore City",2050000.0,cv,"{'House': 'House', 'Bedroom': '5', 'Bathroom': '3', 'Land area': '1100m', 'Title type': 'Freehold', 'Garage': '2'}",https://www.realestate.co.nz/42434677/residential/sale/7-tauhinu-road-greenhithe,"https://mediaserver.realestate.co.nz/listings/42434677/18dad149fbdf16fb00c3072d7ec6282f.crop.10x8.jpg?options=compress,blur",House,,5,Freehold,2,1100m,3,,,,
2021-06-01,"7 Tauhinu Road, Greenhithe, North Shore City",1700000.0,cv,"{'House': 'House', 'Bedroom': '5', 'Bathroom': '3', 'Land area': '1100m', 'Title type': 'Freehold', 'Garage': '2'}",https://www.realestate.co.nz/42434677/residential/sale/7-tauhinu-road-greenhithe,"https://mediaserver.realestate.co.nz/listings/42434677/18dad149fbdf16fb00c3072d7ec6282f.crop.10x8.jpg?options=compress,blur",House,,5,Freehold,2,1100m,3,,,,
2023-10-04T00:08:38,"7 Tauhinu Road, Greenhithe, North Shore City",2000000.0,current,"{'House': 'House', 'Bedroom': '5', 'Bathroom': '3', 'Land area': '1100m', 'Title type': 'Freehold', 'Garage': '2'}",https://www.realestate.co.nz/42434677/residential/sale/7-tauhinu-road-greenhithe,"https://mediaserver.realestate.co.nz/listings/42434677/18dad149fbdf16fb00c3072d7ec6282f.crop.10x8.jpg?options=compress,blur",House,,5,Freehold,2,1100m,3,,,,
,"10 Makumaku Place, Long Bay, North Shore City",,,"{'Section': 'Section', 'Land area': '391m', 'Title type': 'Freehold'}",https://www.realestate.co.nz/42434946/residential/sale/10-makumaku-place-long-bay,"https://mediaserver.realestate.co.nz/listings/42434946/9cdb45fd9ccc2bcd471a3aec34232da0.crop.10x8.jpg?options=compress,blur",,,,Freehold,,391m,,,Section,,
2021-05-05,"17 Dedwood Terrace, Saint Marys Bay, Auckland City",3700000.0,history,"{'House': 'House', 'Bedroom': '3', 'Bathroom': '2', 'Land area': '304m', 'Title type': 'Freehold', 'Garage': '2'}",https://www.realestate.co.nz/42439498/residential/sale/3-285-west-tamaki-road-waiotaiki-bay,"https://mediaserver.realestate.co.nz/listings/42439498/7e004aa6827518c624e4e127a1b684ae.crop.10x8.jpg?options=compress,blur",House,,3,Freehold,2,304m,2,,,,
1998-12-31,"17 Dedwood Terrace, Saint Marys Bay, Auckland City",700000.0,history,"{'House': 'House', 'Bedroom': '3', 'Bathroom': '2', 'Land area': '304m', 'Title type': 'Freehold', 'Garage': '2'}",https://www.realestate.co.nz/42439498/residential/sale/3-285-west-tamaki-road-waiotaiki-bay,"https://mediaserver.realestate.co.nz/listings/42439498/7e004aa6827518c624e4e127a1b684ae.crop.10x8.jpg?options=compress,blur",House,,3,Freehold,2,304m,2,,,,
1998-10-31,"17 Dedwood Terrace, Saint Marys Bay, Auckland City",700000.0,history,"{'House': 'House', 'Bedroom': '3', 'Bathroom': '2', 'Land area': '304m', 'Title type': 'Freehold', 'Garage': '2'}",https://www.realestate.co.nz/42439498/residential/sale/3-285-west-tamaki-road-waiotaiki-bay,"https://mediaserver.realestate.co.nz/listings/42439498/7e004aa6827518c624e4e127a1b684ae.crop.10x8.jpg?options=compress,blur",House,,3,Freehold,2,304m,2,,,,
1993-03-19,"17 Dedwood Terrace, Saint Marys Bay, Auckland City",194000.0,history,"{'House': 'House', 'Bedroom': '3', 'Bathroom': '2', 'Land area': '304m', 'Title type': 'Freehold', 'Garage': '2'}",https://www.realestate.co.nz/42439498/residential/sale/3-285-west-tamaki-road-waiotaiki-bay,"https://mediaserver.realestate.co.nz/listings/42439498/7e004aa6827518c624e4e127a1b684ae.crop.10x8.jpg?options=compress,blur",House,,3,Freehold,2,304m,2,,,,
2021-06-01,"17 Dedwood Terrace, Saint Marys Bay, Auckland City",3600000.0,cv,"{'House': 'House', 'Bedroom': '3', 'Bathroom': '2', 'Land area': '304m', 'Title type': 'Freehold', 'Garage': '2'}",https://www.realestate.co.nz/42439498/residential/sale/3-285-west-tamaki-road-waiotaiki-bay,"https://mediaserver.realestate.co.nz/listings/42439498/7e004aa6827518c624e4e127a1b684ae.crop.10x8.jpg?options=compress,blur",House,,3,Freehold,2,304m,2,,,,
2023-10-11T13:48:23,"17 Dedwood Terrace, Saint Marys Bay, Auckland City",3250000.0,current,"{'House': 'House', 'Bedroom': '3', 'Bathroom': '2', 'Land area': '304m', 'Title type': 'Freehold', 'Garage': '2'}",https://www.realestate.co.nz/42439498/residential/sale/3-285-west-tamaki-road-waiotaiki-bay,"https://mediaserver.realestate.co.nz/listings/42439498/7e004aa6827518c624e4e127a1b684ae.crop.10x8.jpg?options=compress,blur",House,,3,Freehold,2,304m,2,,,,
,"3/285 West Tamaki Road, Waiotaiki Bay, Auckland City",,,"{'House': 'House', 'Bedroom': '5', 'Bathroom': '4', 'Land area': '276m', 'Title type': 'Freehold', 'Garage': '2'}",https://www.realestate.co.nz/42439419/residential/sale/17-dedwood-terrace-saint-marys-bay,"https://mediaserver.realestate.co.nz/listings/42439419/5b73e5b3a02b1edab06718e3727bab26.crop.10x8.jpg?options=compress,blur",House,,5,Freehold,2,276m,4,,,,
2014-05-31,"10 Voyager Drive, Gulf Harbour, Rodney",663000.0,history,"{'House': 'House', 'Bedroom': '4', 'Bathroom': '2', 'Floor area': '200m', 'Land area': '393m', 'Garage': '2'}",https://www.realestate.co.nz/42434063/residential/sale/10-voyager-drive-gulf-harbour,"https://mediaserver.realestate.co.nz/listings/42434063/13fae667b0b5b04174828e0935aee76d.crop.10x8.jpg?options=compress,blur",House,200m,4,,2,393m,2,,,,
2021-06-01,"10 Voyager Drive, Gulf Harbour, Rodney",1075000.0,cv,"{'House': 'House', 'Bedroom': '4', 'Bathroom': '2', 'Floor area': '200m', 'Land area': '393m', 'Garage': '2'}",https://www.realestate.co.nz/42434063/residential/sale/10-voyager-drive-gulf-harbour,"https://mediaserver.realestate.co.nz/listings/42434063/13fae667b0b5b04174828e0935aee76d.crop.10x8.jpg?options=compress,blur",House,200m,4,,2,393m,2,,,,
2023-10-03T11:44:35,"10 Voyager Drive, Gulf Harbour, Rodney",1075000.0,current,"{'House': 'House', 'Bedroom': '4', 'Bathroom': '2', 'Floor area': '200m', 'Land area': '393m', 'Garage': '2'}",https://www.realestate.co.nz/42434063/residential/sale/10-voyager-drive-gulf-harbour,"https://mediaserver.realestate.co.nz/listings/42434063/13fae667b0b5b04174828e0935aee76d.crop.10x8.jpg?options=compress,blur",House,200m,4,,2,393m,2,,,,
2016-04-30,"52 Richards Avenue, Forrest Hill, North Shore City",1350000.0,history,"{'House': 'House', 'Bedroom': '3', 'Bathroom': '1', 'Land area': '645m', 'Title type': 'Freehold', 'Garage': '1'}",https://www.realestate.co.nz/42435110/residential/sale/65-john-andrew-drive-warkworth,"https://mediaserver.realestate.co.nz/listings/42435110/f9a603d867906302e561124d2e1641d3.crop.10x8.jpg?options=compress,blur",House,,3,Freehold,1,645m,1,,,,
2012-02-29,"52 Richards Avenue, Forrest Hill, North Shore City",629000.0,history,"{'House': 'House', 'Bedroom': '3', 'Bathroom': '1', 'Land area': '645m', 'Title type': 'Freehold', 'Garage': '1'}",https://www.realestate.co.nz/42435110/residential/sale/65-john-andrew-drive-warkworth,"https://mediaserver.realestate.co.nz/listings/42435110/f9a603d867906302e561124d2e1641d3.crop.10x8.jpg?options=compress,blur",House,,3,Freehold,1,645m,1,,,,
2021-06-01,"52 Richards Avenue, Forrest Hill, North Shore City",1825000.0,cv,"{'House': 'House', 'Bedroom': '3', 'Bathroom': '1', 'Land area': '645m', 'Title type': 'Freehold', 'Garage': '1'}",https://www.realestate.co.nz/42435110/residential/sale/65-john-andrew-drive-warkworth,"https://mediaserver.realestate.co.nz/listings/42435110/f9a603d867906302e561124d2e1641d3.crop.10x8.jpg?options=compress,blur",House,,3,Freehold,1,645m,1,,,,
2023-10-11T12:42:51,"52 Richards Avenue, Forrest Hill, North Shore City",1800000.0,current,"{'House': 'House', 'Bedroom': '3', 'Bathroom': '1', 'Land area': '645m', 'Title type': 'Freehold', 'Garage': '1'}",https://www.realestate.co.nz/42435110/residential/sale/65-john-andrew-drive-warkworth,"https://mediaserver.realestate.co.nz/listings/42435110/f9a603d867906302e561124d2e1641d3.crop.10x8.jpg?options=compress,blur",House,,3,Freehold,1,645m,1,,,,
